timestamp,product_name,item_id,rank,reviews,matched_title,url,status
20260910_074714,【予約受付キャンペーン】リトゥジェルECM クリーム 20g,1202012223,,,,https://www.qoo10.jp/gmkt.inc/Bestsellers/?g=0,not_found
20260910_075408,【予約受付キャンペーン】リトゥジェルECM クリーム 20g,1202012223,,,,https://www.qoo10.jp/gmkt.inc/Bestsellers/?g=0,not_found
20260910_080225,【予約受付キャンペーン】リトゥジェルECM クリーム 20g,1202012223,,,,https://www.qoo10.jp/gmkt.inc/Bestsellers/?g=0,not_found
20260910_090206,【予約受付キャンペーン】リトゥジェルECM クリーム 20g,1202012223,,,,https://www.qoo10.jp/gmkt.inc/Bestsellers/?g=0,not_found
20260910_100212,【予約受付キャンペーン】リトゥジェルECM クリーム 20g,1202012223,,,,https://www.qoo10.jp/gmkt.inc/Bestsellers/?g=0,not_found
20260910_110219,【予約受付キャンペーン】リトゥジェルECM クリーム 20g,1202012223,,,,https://www.qoo10.jp/gmkt.inc/Bestsellers/?g=0,not_found
20260910_120250,【予約受付キャンペーン】リトゥジェルECM クリーム 20g,1202012223,,,,https://www.qoo10.jp/gmkt.inc/Bestsellers/?g=0,not_found
20260910_130234,【予約受付キャンペーン】リトゥジェルECM クリーム 20g,1202012223,,,,https://www.qoo10.jp/gmkt.inc/Bestsellers/?g=0,not_found
20260910_140221,【予約受付キャンペーン】リトゥジェルECM クリーム 20g,1202012223,,,,https://www.qoo10.jp/gmkt.inc/Bestsellers/?g=0,not_found
20260910_150233,【予約受付キャンペーン】リトゥジェルECM クリーム 20g,1202012223,,,,https://www.qoo10.jp/gmkt.inc/Bestsellers/?g=0,not_found
20260910_160209,【予約受付キャンペーン】リトゥジェルECM クリーム 20g,1202012223,,,,https://www.qoo10.jp/gmkt.inc/Bestsellers/?g=0,not_found
20260910_170201,【予約受付キャンペーン】リトゥジェルECM クリーム 20g,1202012223,,,,https://www.qoo10.jp/gmkt.inc/Bestsellers/?g=0,not_found
20260910_180252,【予約受付キャンペーン】リトゥジェルECM クリーム 20g,1202012223,,,,https://www.qoo10.jp/gmkt.inc/Bestsellers/?g=0,not_found
20260910_190205,【予約受付キャンペーン】リトゥジェルECM クリーム 20g,1202012223,,,,https://www.qoo10.jp/gmkt.inc/Bestsellers/?g=0,not_found
20260910_200218,【予約受付キャンペーン】リトゥジェルECM クリーム 20g,1202012223,,,,https://www.qoo10.jp/gmkt.inc/Bestsellers/?g=0,not_found
20260910_210227,【予約受付キャンペーン】リトゥジェルECM クリーム 20g,1202012223,,,,https://www.qoo10.jp/gmkt.inc/Bestsellers/?g=0,not_found
20260910_220209,【予約受付キャンペーン】リトゥジェルECM クリーム 20g,1202012223,,,,https://www.qoo10.jp/gmkt.inc/Bestsellers/?g=0,not_found
20260910_230135,【予約受付キャンペーン】リトゥジェルECM クリーム 20g,1202012223,,,,https://www.qoo10.jp/gmkt.inc/Bestsellers/?g=0,not_found
20260911_000233,【予約受付キャンペーン】リトゥジェルECM クリーム 20g,1202012223,,,,https://www.qoo10.jp/gmkt.inc/Bestsellers/?g=0,not_found
20260911_010242,【予約受付キャンペーン】リトゥジェルECM クリーム 20g,1202012223,,,,https://www.qoo10.jp/gmkt.inc/Bestsellers/?g=0,not_found
20260911_020210,【予約受付キャンペーン】リトゥジェルECM クリーム 20g,1202012223,,,,https://www.qoo10.jp/gmkt.inc/Bestsellers/?g=0,not_found
20260911_030217,【予約受付キャンペーン】リトゥジェルECM クリーム 20g,1202012223,,,,https://www.qoo10.jp/gmkt.inc/Bestsellers/?g=0,not_found
20260911_040219,【予約受付キャンペーン】リトゥジェルECM クリーム 20g,1202012223,,,,https://www.qoo10.jp/gmkt.inc/Bestsellers/?g=0,not_found
20260911_043024,【予約受付キャンペーン】リトゥジェルECM クリーム 20g,1202012223,,,,https://www.qoo10.jp/gmkt.inc/Bestsellers/?g=0,not_found
20260911_050148,【予約受付キャンペーン】リトゥジェルECM クリーム 20g,1202012223,,,,https://www.qoo10.jp/gmkt.inc/Bestsellers/?g=0,not_found
20260911_060218,【予約受付キャンペーン】リトゥジェルECM クリーム 20g,1202012223,,,,https://www.qoo10.jp/gmkt.inc/Bestsellers/?g=0,not_found
20260911_070316,【予約受付キャンペーン】リトゥジェルECM クリーム 20g,1202012223,,,,https://www.qoo10.jp/gmkt.inc/Bestsellers/?g=0,not_found
20260911_080236,【予約受付キャンペーン】リトゥジェルECM クリーム 20g,1202012223,,,,https://www.qoo10.jp/gmkt.inc/Bestsellers/?g=0,not_found
20260911_090207,【予約受付キャンペーン】リトゥジェルECM クリーム 20g,1202012223,,,,https://www.qoo10.jp/gmkt.inc/Bestsellers/?g=0,not_found
20260911_100220,【予約受付キャンペーン】リトゥジェルECM クリーム 20g,1202012223,,,,https://www.qoo10.jp/gmkt.inc/Bestsellers/?g=0,not_found
20260911_110205,【予約受付キャンペーン】リトゥジェルECM クリーム 20g,1202012223,,,,https://www.qoo10.jp/gmkt.inc/Bestsellers/?g=0,not_found
20260911_120244,【予約受付キャンペーン】リトゥジェルECM クリーム 20g,1202012223,,,,https://www.qoo10.jp/gmkt.inc/Bestsellers/?g=0,not_found
20260911_130225,【予約受付キャンペーン】リトゥジェルECM クリーム 20g,1202012223,,,,https://www.qoo10.jp/gmkt.inc/Bestsellers/?g=0,not_found
20260911_140209,【予約受付キャンペーン】リトゥジェルECM クリーム 20g,1202012223,,,,https://www.qoo10.jp/gmkt.inc/Bestsellers/?g=0,not_found
20260911_150220,【予約受付キャンペーン】リトゥジェルECM クリーム 20g,1202012223,,,,https://www.qoo10.jp/gmkt.inc/Bestsellers/?g=0,not_found
20260911_160215,【予約受付キャンペーン】リトゥジェルECM クリーム 20g,1202012223,,,,https://www.qoo10.jp/gmkt.inc/Bestsellers/?g=0,not_found
20260911_170200,【予約受付キャンペーン】リトゥジェルECM クリーム 20g,1202012223,,,,https://www.qoo10.jp/gmkt.inc/Bestsellers/?g=0,not_found
20260911_180231,【予約受付キャンペーン】リトゥジェルECM クリーム 20g,1202012223,,,,https://www.qoo10.jp/gmkt.inc/Bestsellers/?g=0,not_found
20260911_190152,【予約受付キャンペーン】リトゥジェルECM クリーム 20g,1202012223,,,,https://www.qoo10.jp/gmkt.inc/Bestsellers/?g=0,not_found
20260911_200241,【予約受付キャンペーン】リトゥジェルECM クリーム 20g,1202012223,,,,https://www.qoo10.jp/gmkt.inc/Bestsellers/?g=0,not_found
20260911_210157,【予約受付キャンペーン】リトゥジェルECM クリーム 20g,1202012223,,,,https://www.qoo10.jp/gmkt.inc/Bestsellers/?g=0,not_found
20260911_220201,【予約受付キャンペーン】リトゥジェルECM クリーム 20g,1202012223,,,,https://www.qoo10.jp/gmkt.inc/Bestsellers/?g=0,not_found
20260911_230150,【予約受付キャンペーン】リトゥジェルECM クリーム 20g,1202012223,,,,https://www.qoo10.jp/gmkt.inc/Bestsellers/?g=0,not_found
20260912_000217,【予約受付キャンペーン】リトゥジェルECM クリーム 20g,1202012223,,,,https://www.qoo10.jp/gmkt.inc/Bestsellers/?g=0,not_found
20260912_010204,【予約受付キャンペーン】リトゥジェルECM クリーム 20g,1202012223,,,,https://www.qoo10.jp/gmkt.inc/Bestsellers/?g=0,not_found
20260912_020227,【予約受付キャンペーン】リトゥジェルECM クリーム 20g,1202012223,,,,https://www.qoo10.jp/gmkt.inc/Bestsellers/?g=0,not_found
20260912_030205,【予約受付キャンペーン】リトゥジェルECM クリーム 20g,1202012223,,,,https://www.qoo10.jp/gmkt.inc/Bestsellers/?g=0,not_found
20260912_040210,【予約受付キャンペーン】リトゥジェルECM クリーム 20g,1202012223,,,,https://www.qoo10.jp/gmkt.inc/Bestsellers/?g=0,not_found
20260912_050207,【予約受付キャンペーン】リトゥジェルECM クリーム 20g,1202012223,,,,https://www.qoo10.jp/gmkt.inc/Bestsellers/?g=0,not_found
20260912_060249,【予約受付キャンペーン】リトゥジェルECM クリーム 20g,1202012223,,,,https://www.qoo10.jp/gmkt.inc/Bestsellers/?g=0,not_found
20260912_070147,【予約受付キャンペーン】リトゥジェルECM クリーム 20g,1202012223,,,,https://www.qoo10.jp/gmkt.inc/Bestsellers/?g=0,not_found
20260912_080215,【予約受付キャンペーン】リトゥジェルECM クリーム 20g,1202012223,,,,https://www.qoo10.jp/gmkt.inc/Bestsellers/?g=0,not_found
20260912_090202,【予約受付キャンペーン】リトゥジェルECM クリーム 20g,1202012223,,,,https://www.qoo10.jp/gmkt.inc/Bestsellers/?g=0,not_found
20260912_100206,【予約受付キャンペーン】リトゥジェルECM クリーム 20g,1202012223,,,,https://www.qoo10.jp/gmkt.inc/Bestsellers/?g=0,not_found
20260912_110201,【予約受付キャンペーン】リトゥジェルECM クリーム 20g,1202012223,,,,https://www.qoo10.jp/gmkt.inc/Bestsellers/?g=0,not_found
20260912_120233,【予約受付キャンペーン】リトゥジェルECM クリーム 20g,1202012223,,,,https://www.qoo10.jp/gmkt.inc/Bestsellers/?g=0,not_found
20260912_130140,【予約受付キャンペーン】リトゥジェルECM クリーム 20g,1202012223,,,,https://www.qoo10.jp/gmkt.inc/Bestsellers/?g=0,not_found
20260912_140212,【予約受付キャンペーン】リトゥジェルECM クリーム 20g,1202012223,,,,https://www.qoo10.jp/gmkt.inc/Bestsellers/?g=0,not_found
20260912_150204,【予約受付キャンペーン】リトゥジェルECM クリーム 20g,1202012223,,,,https://www.qoo10.jp/gmkt.inc/Bestsellers/?g=0,not_found
20260912_160211,【予約受付キャンペーン】リトゥジェルECM クリーム 20g,1202012223,,,,https://www.qoo10.jp/gmkt.inc/Bestsellers/?g=0,not_found
20260912_170210,【予約受付キャンペーン】リトゥジェルECM クリーム 20g,1202012223,,,,https://www.qoo10.jp/gmkt.inc/Bestsellers/?g=0,not_found
20260912_180217,【予約受付キャンペーン】リトゥジェルECM クリーム 20g,1202012223,,,,https://www.qoo10.jp/gmkt.inc/Bestsellers/?g=0,not_found
20260912_190138,【予約受付キャンペーン】リトゥジェルECM クリーム 20g,1202012223,,,,https://www.qoo10.jp/gmkt.inc/Bestsellers/?g=0,not_found
20260912_200148,【予約受付キャンペーン】リトゥジェルECM クリーム 20g,1202012223,,,,https://www.qoo10.jp/gmkt.inc/Bestsellers/?g=0,not_found
20260912_210152,【予約受付キャンペーン】リトゥジェルECM クリーム 20g,1202012223,,,,https://www.qoo10.jp/gmkt.inc/Bestsellers/?g=0,not_found
20260912_220205,【予約受付キャンペーン】リトゥジェルECM クリーム 20g,1202012223,,,,https://www.qoo10.jp/gmkt.inc/Bestsellers/?g=0,not_found
20260912_230138,【予約受付キャンペーン】リトゥジェルECM クリーム 20g,1202012223,,,,https://www.qoo10.jp/gmkt.inc/Bestsellers/?g=0,not_found
20260913_000226,【予約受付キャンペーン】リトゥジェルECM クリーム 20g,1202012223,,,,https://www.qoo10.jp/gmkt.inc/Bestsellers/?g=0,not_found
20260913_010204,【予約受付キャンペーン】リトゥジェルECM クリーム 20g,1202012223,,,,https://www.qoo10.jp/gmkt.inc/Bestsellers/?g=0,not_found
20260913_020157,【予約受付キャンペーン】リトゥジェルECM クリーム 20g,1202012223,,,,https://www.qoo10.jp/gmkt.inc/Bestsellers/?g=0,not_found
20260913_030203,【予約受付キャンペーン】リトゥジェルECM クリーム 20g,1202012223,,,,https://www.qoo10.jp/gmkt.inc/Bestsellers/?g=0,not_found
20260913_040203,【予約受付キャンペーン】リトゥジェルECM クリーム 20g,1202012223,,,,https://www.qoo10.jp/gmkt.inc/Bestsellers/?g=0,not_found
20260913_050157,【予約受付キャンペーン】リトゥジェルECM クリーム 20g,1202012223,,,,https://www.qoo10.jp/gmkt.inc/Bestsellers/?g=0,not_found
20260913_060247,【予約受付キャンペーン】リトゥジェルECM クリーム 20g,1202012223,,,,https://www.qoo10.jp/gmkt.inc/Bestsellers/?g=0,not_found
20260913_070234,【予約受付キャンペーン】リトゥジェルECM クリーム 20g,1202012223,,,,https://www.qoo10.jp/gmkt.inc/Bestsellers/?g=0,not_found
20260913_080225,【予約受付キャンペーン】リトゥジェルECM クリーム 20g,1202012223,,,,https://www.qoo10.jp/gmkt.inc/Bestsellers/?g=0,not_found
20260913_092326,【予約受付キャンペーン】リトゥジェルECM クリーム 20g,1202012223,,,,https://www.qoo10.jp/gmkt.inc/Bestsellers/?g=0,not_found
20260913_101027,【予約受付キャンペーン】リトゥジェルECM クリーム 20g,1202012223,,,,https://www.qoo10.jp/gmkt.inc/Bestsellers/?g=0,not_found
20260913_110205,【予約受付キャンペーン】リトゥジェルECM クリーム 20g,1202012223,,,,https://www.qoo10.jp/gmkt.inc/Bestsellers/?g=0,not_found
20260913_120206,【予約受付キャンペーン】リトゥジェルECM クリーム 20g,1202012223,,,,https://www.qoo10.jp/gmkt.inc/Bestsellers/?g=0,not_found
20260913_130143,【予約受付キャンペーン】リトゥジェルECM クリーム 20g,1202012223,,,,https://www.qoo10.jp/gmkt.inc/Bestsellers/?g=0,not_found
20260913_140158,【予約受付キャンペーン】リトゥジェルECM クリーム 20g,1202012223,,,,https://www.qoo10.jp/gmkt.inc/Bestsellers/?g=0,not_found
20260913_150204,【予約受付キャンペーン】リトゥジェルECM クリーム 20g,1202012223,,,,https://www.qoo10.jp/gmkt.inc/Bestsellers/?g=0,not_found
20260913_160217,【予約受付キャンペーン】リトゥジェルECM クリーム 20g,1202012223,,,,https://www.qoo10.jp/gmkt.inc/Bestsellers/?g=0,not_found
20260913_170159,【予約受付キャンペーン】リトゥジェルECM クリーム 20g,1202012223,,,,https://www.qoo10.jp/gmkt.inc/Bestsellers/?g=0,not_found
20260913_180207,【予約受付キャンペーン】リトゥジェルECM クリーム 20g,1202012223,,,,https://www.qoo10.jp/gmkt.inc/Bestsellers/?g=0,not_found
20260913_190150,【予約受付キャンペーン】リトゥジェルECM クリーム 20g,1202012223,,,,https://www.qoo10.jp/gmkt.inc/Bestsellers/?g=0,not_found
20260913_200224,【予約受付キャンペーン】リトゥジェルECM クリーム 20g,1202012223,,,,https://www.qoo10.jp/gmkt.inc/Bestsellers/?g=0,not_found
20260913_210139,【予約受付キャンペーン】リトゥジェルECM クリーム 20g,1202012223,,,,https://www.qoo10.jp/gmkt.inc/Bestsellers/?g=0,not_found
20260913_220218,【予約受付キャンペーン】リトゥジェルECM クリーム 20g,1202012223,,,,https://www.qoo10.jp/gmkt.inc/Bestsellers/?g=0,not_found
20260913_230144,【予約受付キャンペーン】リトゥジェルECM クリーム 20g,1202012223,,,,https://www.qoo10.jp/gmkt.inc/Bestsellers/?g=0,not_found
20260914_000241,【予約受付キャンペーン】リトゥジェルECM クリーム 20g,1202012223,,,,https://www.qoo10.jp/gmkt.inc/Bestsellers/?g=0,not_found
20260914_010300,【予約受付キャンペーン】リトゥジェルECM クリーム 20g,1202012223,,,,https://www.qoo10.jp/gmkt.inc/Bestsellers/?g=0,not_found
20260914_020259,【予約受付キャンペーン】リトゥジェルECM クリーム 20g,1202012223,,,,https://www.qoo10.jp/gmkt.inc/Bestsellers/?g=0,not_found
20260914_030206,【予約受付キャンペーン】リトゥジェルECM クリーム 20g,1202012223,,,,https://www.qoo10.jp/gmkt.inc/Bestsellers/?g=0,not_found
20260914_040210,【予約受付キャンペーン】リトゥジェルECM クリーム 20g,1202012223,,,,https://www.qoo10.jp/gmkt.inc/Bestsellers/?g=0,not_found
20260914_044531,【予約受付キャンペーン】リトゥジェルECM クリーム 20g,1202012223,,,,https://www.qoo10.jp/gmkt.inc/Bestsellers/?g=0,not_found
20260914_045109,【予約受付キャンペーン】リトゥジェルECM クリーム 20g,1202012223,,,,https://www.qoo10.jp/gmkt.inc/Bestsellers/?g=0,not_found
20260914_050140,【予約受付キャンペーン】リトゥジェルECM クリーム 20g,1202012223,,,,https://www.qoo10.jp/gmkt.inc/Bestsellers/?g=0,not_found
20260914_051025,【予約受付キャンペーン】リトゥジェルECM クリーム 20g,1202012223,,,,https://www.qoo10.jp/gmkt.inc/Bestsellers/?g=0,not_found
20260914_054347,【予約受付キャンペーン】リトゥジェルECM クリーム 20g,1202012223,,,,https://www.qoo10.jp/gmkt.inc/Bestsellers/?g=0,not_found
20260914_055411,【予約受付キャンペーン】リトゥジェルECM クリーム 20g,1202012223,,,,https://www.qoo10.jp/gmkt.inc/Bestsellers/?g=0,not_found
20260914_060049,【予約受付キャンペーン】リトゥジェルECM クリーム 20g,1202012223,,,,https://www.qoo10.jp/gmkt.inc/Bestsellers/?g=0,not_found
20260914_070405,【予約受付キャンペーン】リトゥジェルECM クリーム 20g,1202012223,,,,https://www.qoo10.jp/gmkt.inc/Bestsellers/?g=0,not_found
20260914_080229,【予約受付キャンペーン】リトゥジェルECM クリーム 20g,1202012223,,,,https://www.qoo10.jp/gmkt.inc/Bestsellers/?g=0,not_found
20260914_090349,【予約受付キャンペーン】リトゥジェルECM クリーム 20g,1202012223,,,,https://www.qoo10.jp/gmkt.inc/Bestsellers/?g=0,not_found
20260914_100305,【予約受付キャンペーン】リトゥジェルECM クリーム 20g,1202012223,,,,https://www.qoo10.jp/gmkt.inc/Bestsellers/?g=0,not_found
20260914_110213,【予約受付キャンペーン】リトゥジェルECM クリーム 20g,1202012223,,,,https://www.qoo10.jp/gmkt.inc/Bestsellers/?g=0,not_found
20260914_120237,【予約受付キャンペーン】リトゥジェルECM クリーム 20g,1202012223,,,,https://www.qoo10.jp/gmkt.inc/Bestsellers/?g=0,not_found
20260914_130459,【予約受付キャンペーン】リトゥジェルECM クリーム 20g,1202012223,,,,https://www.qoo10.jp/gmkt.inc/Bestsellers/?g=0,not_found
20260914_140259,【予約受付キャンペーン】リトゥジェルECM クリーム 20g,1202012223,,,,https://www.qoo10.jp/gmkt.inc/Bestsellers/?g=0,not_found
20260914_150425,【予約受付キャンペーン】リトゥジェルECM クリーム 20g,1202012223,,,,https://www.qoo10.jp/gmkt.inc/Bestsellers/?g=0,not_found
20260914_160159,【予約受付キャンペーン】リトゥジェルECM クリーム 20g,1202012223,,,,https://www.qoo10.jp/gmkt.inc/Bestsellers/?g=0,not_found
20260914_170313,【予約受付キャンペーン】リトゥジェルECM クリーム 20g,1202012223,,,,https://www.qoo10.jp/gmkt.inc/Bestsellers/?g=0,not_found
20260914_180241,【予約受付キャンペーン】リトゥジェルECM クリーム 20g,1202012223,,,,https://www.qoo10.jp/gmkt.inc/Bestsellers/?g=0,not_found
20260914_190340,【予約受付キャンペーン】リトゥジェルECM クリーム 20g,1202012223,,,,https://www.qoo10.jp/gmkt.inc/Bestsellers/?g=0,not_found
20260914_200242,【予約受付キャンペーン】リトゥジェルECM クリーム 20g,1202012223,,,,https://www.qoo10.jp/gmkt.inc/Bestsellers/?g=0,not_found
20260914_210219,【予約受付キャンペーン】リトゥジェルECM クリーム 20g,1202012223,,,,https://www.qoo10.jp/gmkt.inc/Bestsellers/?g=0,not_found
20260914_220215,【予約受付キャンペーン】リトゥジェルECM クリーム 20g,1202012223,,,,https://www.qoo10.jp/gmkt.inc/Bestsellers/?g=0,not_found
20260914_230206,【予約受付キャンペーン】リトゥジェルECM クリーム 20g,1202012223,,,,https://www.qoo10.jp/gmkt.inc/Bestsellers/?g=0,not_found
20260915_000225,【予約受付キャンペーン】リトゥジェルECM クリーム 20g,1202012223,,,,https://www.qoo10.jp/gmkt.inc/Bestsellers/?g=0,not_found
20260915_010311,【予約受付キャンペーン】リトゥジェルECM クリーム 20g,1202012223,,,,https://www.qoo10.jp/gmkt.inc/Bestsellers/?g=0,not_found
20260915_020358,【予約受付キャンペーン】リトゥジェルECM クリーム 20g,1202012223,,,,https://www.qoo10.jp/gmkt.inc/Bestsellers/?g=0,not_found
20260915_030253,【予約受付キャンペーン】リトゥジェルECM クリーム 20g,1202012223,,,,https://www.qoo10.jp/gmkt.inc/Bestsellers/?g=0,not_found
20260915_040245,【予約受付キャンペーン】リトゥジェルECM クリーム 20g,1202012223,,,,https://www.qoo10.jp/gmkt.inc/Bestsellers/?g=0,not_found
20260915_050231,【予約受付キャンペーン】リトゥジェルECM クリーム 20g,1202012223,,,,https://www.qoo10.jp/gmkt.inc/Bestsellers/?g=0,not_found
20260915_060228,【予約受付キャンペーン】リトゥジェルECM クリーム 20g,1202012223,,,,https://www.qoo10.jp/gmkt.inc/Bestsellers/?g=0,not_found
20260915_070456,【予約受付キャンペーン】リトゥジェルECM クリーム 20g,1202012223,,,,https://www.qoo10.jp/gmkt.inc/Bestsellers/?g=0,not_found
20260915_080303,【予約受付キャンペーン】リトゥジェルECM クリーム 20g,1202012223,,,,https://www.qoo10.jp/gmkt.inc/Bestsellers/?g=0,not_found
20260915_090434,【予約受付キャンペーン】リトゥジェルECM クリーム 20g,1202012223,,,,https://www.qoo10.jp/gmkt.inc/Bestsellers/?g=0,not_found
20260915_100342,【予約受付キャンペーン】リトゥジェルECM クリーム 20g,1202012223,,,,https://www.qoo10.jp/gmkt.inc/Bestsellers/?g=0,not_found
20260915_110243,【予約受付キャンペーン】リトゥジェルECM クリーム 20g,1202012223,,,,https://www.qoo10.jp/gmkt.inc/Bestsellers/?g=0,not_found
20260915_120240,【予約受付キャンペーン】リトゥジェルECM クリーム 20g,1202012223,,,,https://www.qoo10.jp/gmkt.inc/Bestsellers/?g=0,not_found
20260915_130306,【予約受付キャンペーン】リトゥジェルECM クリーム 20g,1202012223,,,,https://www.qoo10.jp/gmkt.inc/Bestsellers/?g=0,not_found
20260915_140226,【予約受付キャンペーン】リトゥジェルECM クリーム 20g,1202012223,,,,https://www.qoo10.jp/gmkt.inc/Bestsellers/?g=0,not_found
20260915_150246,【予約受付キャンペーン】リトゥジェルECM クリーム 20g,1202012223,,,,https://www.qoo10.jp/gmkt.inc/Bestsellers/?g=0,not_found
20260915_160229,【予約受付キャンペーン】リトゥジェルECM クリーム 20g,1202012223,,,,https://www.qoo10.jp/gmkt.inc/Bestsellers/?g=0,not_found
20260915_170222,【予約受付キャンペーン】リトゥジェルECM クリーム 20g,1202012223,,,,https://www.qoo10.jp/gmkt.inc/Bestsellers/?g=0,not_found
20260915_180218,【予約受付キャンペーン】リトゥジェルECM クリーム 20g,1202012223,,,,https://www.qoo10.jp/gmkt.inc/Bestsellers/?g=0,not_found
20260915_190150,【予約受付キャンペーン】リトゥジェルECM クリーム 20g,1202012223,,,,https://www.qoo10.jp/gmkt.inc/Bestsellers/?g=0,not_found
20260915_200231,【予約受付キャンペーン】リトゥジェルECM クリーム 20g,1202012223,,,,https://www.qoo10.jp/gmkt.inc/Bestsellers/?g=0,not_found
20260915_210153,【予約受付キャンペーン】リトゥジェルECM クリーム 20g,1202012223,,,,https://www.qoo10.jp/gmkt.inc/Bestsellers/?g=0,not_found
20260915_220221,【予約受付キャンペーン】リトゥジェルECM クリーム 20g,1202012223,,,,https://www.qoo10.jp/gmkt.inc/Bestsellers/?g=0,not_found
20260915_230154,【予約受付キャンペーン】リトゥジェルECM クリーム 20g,1202012223,,,,https://www.qoo10.jp/gmkt.inc/Bestsellers/?g=0,not_found
20260916_000224,【予約受付キャンペーン】リトゥジェルECM クリーム 20g,1202012223,,,,https://www.qoo10.jp/gmkt.inc/Bestsellers/?g=0,not_found
20260916_010229,【予約受付キャンペーン】リトゥジェルECM クリーム 20g,1202012223,,,,https://www.qoo10.jp/gmkt.inc/Bestsellers/?g=0,not_found
20260916_020213,【予約受付キャンペーン】リトゥジェルECM クリーム 20g,1202012223,,,,https://www.qoo10.jp/gmkt.inc/Bestsellers/?g=0,not_found
20260916_030223,【予約受付キャンペーン】リトゥジェルECM クリーム 20g,1202012223,,,,https://www.qoo10.jp/gmkt.inc/Bestsellers/?g=0,not_found
20260916_040221,【予約受付キャンペーン】リトゥジェルECM クリーム 20g,1202012223,,,,https://www.qoo10.jp/gmkt.inc/Bestsellers/?g=0,not_found
20260916_050148,【予約受付キャンペーン】リトゥジェルECM クリーム 20g,1202012223,,,,https://www.qoo10.jp/gmkt.inc/Bestsellers/?g=0,not_found
20260916_060219,【予約受付キャンペーン】リトゥジェルECM クリーム 20g,1202012223,,,,https://www.qoo10.jp/gmkt.inc/Bestsellers/?g=0,not_found
20260916_070317,【予約受付キャンペーン】リトゥジェルECM クリーム 20g,1202012223,,,,https://www.qoo10.jp/gmkt.inc/Bestsellers/?g=0,not_found
20260916_080205,【予約受付キャンペーン】リトゥジェルECM クリーム 20g,1202012223,,,,https://www.qoo10.jp/gmkt.inc/Bestsellers/?g=0,not_found
20260916_090155,【予約受付キャンペーン】リトゥジェルECM クリーム 20g,1202012223,,,,https://www.qoo10.jp/gmkt.inc/Bestsellers/?g=0,not_found
20260916_100218,【予約受付キャンペーン】リトゥジェルECM クリーム 20g,1202012223,,,,https://www.qoo10.jp/gmkt.inc/Bestsellers/?g=0,not_found
20260916_110206,【予約受付キャンペーン】リトゥジェルECM クリーム 20g,1202012223,,,,https://www.qoo10.jp/gmkt.inc/Bestsellers/?g=0,not_found
20260916_120252,【予約受付キャンペーン】リトゥジェルECM クリーム 20g,1202012223,,,,https://www.qoo10.jp/gmkt.inc/Bestsellers/?g=0,not_found
20260916_130350,【予約受付キャンペーン】リトゥジェルECM クリーム 20g,1202012223,,,,https://www.qoo10.jp/gmkt.inc/Bestsellers/?g=0,not_found
20260916_140316,【予約受付キャンペーン】リトゥジェルECM クリーム 20g,1202012223,,,,https://www.qoo10.jp/gmkt.inc/Bestsellers/?g=0,not_found
20260916_150244,【予約受付キャンペーン】リトゥジェルECM クリーム 20g,1202012223,,,,https://www.qoo10.jp/gmkt.inc/Bestsellers/?g=0,not_found
20260916_160252,【予約受付キャンペーン】リトゥジェルECM クリーム 20g,1202012223,,,,https://www.qoo10.jp/gmkt.inc/Bestsellers/?g=0,not_found
20260916_170150,【予約受付キャンペーン】リトゥジェルECM クリーム 20g,1202012223,,,,https://www.qoo10.jp/gmkt.inc/Bestsellers/?g=0,not_found
20260916_180248,【予約受付キャンペーン】リトゥジェルECM クリーム 20g,1202012223,,,,https://www.qoo10.jp/gmkt.inc/Bestsellers/?g=0,not_found
20260916_190157,【予約受付キャンペーン】リトゥジェルECM クリーム 20g,1202012223,,,,https://www.qoo10.jp/gmkt.inc/Bestsellers/?g=0,not_found
20260916_200248,【予約受付キャンペーン】リトゥジェルECM クリーム 20g,1202012223,,,,https://www.qoo10.jp/gmkt.inc/Bestsellers/?g=0,not_found
20260916_210215,【予約受付キャンペーン】リトゥジェルECM クリーム 20g,1202012223,,,,https://www.qoo10.jp/gmkt.inc/Bestsellers/?g=0,not_found
20260916_220158,【予約受付キャンペーン】リトゥジェルECM クリーム 20g,1202012223,,,,https://www.qoo10.jp/gmkt.inc/Bestsellers/?g=0,not_found
20260916_230209,【予約受付キャンペーン】リトゥジェルECM クリーム 20g,1202012223,,,,https://www.qoo10.jp/gmkt.inc/Bestsellers/?g=0,not_found
20260917_000222,【予約受付キャンペーン】リトゥジェルECM クリーム 20g,1202012223,,,,https://www.qoo10.jp/gmkt.inc/Bestsellers/?g=0,not_found
20260917_010301,【予約受付キャンペーン】リトゥジェルECM クリーム 20g,1202012223,,,,https://www.qoo10.jp/gmkt.inc/Bestsellers/?g=0,not_found
20260917_020222,【予約受付キャンペーン】リトゥジェルECM クリーム 20g,1202012223,183,"2,431",,https://m.qoo10.jp/gmkt.inc/Mobile/Goods/goods.aspx?goodscode=1202012223,found
